key,filename,category,priority,seconds,label,prompt
"arena-cliff","arena-cliff.mp4","arena","1","6","Establishing — cliff arena","late-1990s cel-shaded anime, hand-inked outlines, saturated colour, visible film grain, dramatic low camera angle, shallow depth of field, 16:9 widescreen, no text, no subtitles, no captions, no logos, no watermark. A holographic trading-card duel. Each duelist wears a metal Duel Disk clamped to their left forearm: a curved silver-and-grey blade with five illuminated card slots swung out into a wide arc, and a round glowing life-point counter set into the housing. Cards are slotted in by hand. Monsters appear as huge translucent light-emitting holograms projected upward from the disk, with visible scan lines and flickering edges. a slow push in across a torch-lit stone duel arena on a sea cliff at dusk, banners snapping in the wind, waves breaking far below, empty, torches guttering, ready for a duel."
"arena-rooftop","arena-rooftop.mp4","arena","1","6","Establishing — rooftop arena","late-1990s cel-shaded anime, hand-inked outlines, saturated colour, visible film grain, dramatic low camera angle, shallow depth of field, 16:9 widescreen, no text, no subtitles, no captions, no logos, no watermark. A holographic trading-card duel. Each duelist wears a metal Duel Disk clamped to their left forearm: a curved silver-and-grey blade with five illuminated card slots swung out into a wide arc, and a round glowing life-point counter set into the housing. Cards are slotted in by hand. Monsters appear as huge translucent light-emitting holograms projected upward from the disk, with visible scan lines and flickering edges. a slow push in across a rain-slicked skyscraper rooftop duel arena at night, city lights far below, holographic projector pylons humming at the edges, empty, projector pylons pulsing, ready for a duel."
"open-joey","open-joey.mp4","duelist","1","5","Joey Wheeler — Duel start","late-1990s cel-shaded anime, hand-inked outlines, saturated colour, visible film grain, dramatic low camera angle, shallow depth of field, 16:9 widescreen, no text, no subtitles, no captions, no logos, no watermark. A holographic trading-card duel. Each duelist wears a metal Duel Disk clamped to their left forearm: a curved silver-and-grey blade with five illuminated card slots swung out into a wide arc, and a round glowing life-point counter set into the housing. Cards are slotted in by hand. Monsters appear as huge translucent light-emitting holograms projected upward from the disk, with visible scan lines and flickering edges. a scruffy blond teenage boy with shaggy hair falling into his eyes, wearing an unzipped green jacket over a white shirt, restless and loose-limbed raises their left arm and the Duel Disk snaps open, card slots swinging out and igniting one after another, light washing up across their face; they lock eyes with an unseen opponent across a torch-lit stone duel arena on a sea cliff at dusk, banners snapping in the wind, waves breaking far below."
"open-kaiba","open-kaiba.mp4","duelist","1","5","Seto Kaiba — Duel start","late-1990s cel-shaded anime, hand-inked outlines, saturated colour, visible film grain, dramatic low camera angle, shallow depth of field, 16:9 widescreen, no text, no subtitles, no captions, no logos, no watermark. A holographic trading-card duel. Each duelist wears a metal Duel Disk clamped to their left forearm: a curved silver-and-grey blade with five illuminated card slots swung out into a wide arc, and a round glowing life-point counter set into the housing. Cards are slotted in by hand. Monsters appear as huge translucent light-emitting holograms projected upward from the disk, with visible scan lines and flickering edges. a tall, sharp-featured young man with short dark brown hair and cold pale blue eyes, wearing a long white high-collared coat whose collar flares up past his jaw, sleeves buckled at the wrists raises their left arm and the Duel Disk snaps open, card slots swinging out and igniting one after another, light washing up across their face; they lock eyes with an unseen opponent across a rain-slicked skyscraper rooftop duel arena at night, city lights far below, holographic projector pylons humming at the edges."
"open-mai","open-mai.mp4","duelist","1","5","Mai Valentine — Duel start","late-1990s cel-shaded anime, hand-inked outlines, saturated colour, visible film grain, dramatic low camera angle, shallow depth of field, 16:9 widescreen, no text, no subtitles, no captions, no logos, no watermark. A holographic trading-card duel. Each duelist wears a metal Duel Disk clamped to their left forearm: a curved silver-and-grey blade with five illuminated card slots swung out into a wide arc, and a round glowing life-point counter set into the housing. Cards are slotted in by hand. Monsters appear as huge translucent light-emitting holograms projected upward from the disk, with visible scan lines and flickering edges. a confident blonde woman with long wavy hair past her shoulders, wearing a sleeveless violet jacket and long fingerless gloves, one hip cocked raises their left arm and the Duel Disk snaps open, card slots swinging out and igniting one after another, light washing up across their face; they lock eyes with an unseen opponent across a torch-lit stone duel arena on a sea cliff at dusk, banners snapping in the wind, waves breaking far below."
"open-yugi","open-yugi.mp4","duelist","1","5","Yugi Muto — Duel start","late-1990s cel-shaded anime, hand-inked outlines, saturated colour, visible film grain, dramatic low camera angle, shallow depth of field, 16:9 widescreen, no text, no subtitles, no captions, no logos, no watermark. A holographic trading-card duel. Each duelist wears a metal Duel Disk clamped to their left forearm: a curved silver-and-grey blade with five illuminated card slots swung out into a wide arc, and a round glowing life-point counter set into the housing. Cards are slotted in by hand. Monsters appear as huge translucent light-emitting holograms projected upward from the disk, with visible scan lines and flickering edges. a slight teenage boy with dramatic star-shaped black hair tipped with magenta and blond bangs falling over his forehead, wearing a dark blue school jacket with a high collar and a large golden inverted-pyramid pendant on a chain around his neck raises their left arm and the Duel Disk snaps open, card slots swinging out and igniting one after another, light washing up across their face; they lock eyes with an unseen opponent across a rain-slicked skyscraper rooftop duel arena at night, city lights far below, holographic projector pylons humming at the edges."
"play-activate-joey","play-activate-joey.mp4","duelist","1","5","Joey Wheeler — Activate a Spell or Trap","late-1990s cel-shaded anime, hand-inked outlines, saturated colour, visible film grain, dramatic low camera angle, shallow depth of field, 16:9 widescreen, no text, no subtitles, no captions, no logos, no watermark. A holographic trading-card duel. Each duelist wears a metal Duel Disk clamped to their left forearm: a curved silver-and-grey blade with five illuminated card slots swung out into a wide arc, and a round glowing life-point counter set into the housing. Cards are slotted in by hand. Monsters appear as huge translucent light-emitting holograms projected upward from the disk, with visible scan lines and flickering edges. a scruffy blond teenage boy with shaggy hair falling into his eyes, wearing an unzipped green jacket over a white shirt, restless and loose-limbed, throwing their arm up as a huge holographic card flips face-up in front of them, its frame blazing, flooding the arena with light; a torch-lit stone duel arena on a sea cliff at dusk, banners snapping in the wind, waves breaking far below."
"play-activate-kaiba","play-activate-kaiba.mp4","duelist","1","5","Seto Kaiba — Activate a Spell or Trap","late-1990s cel-shaded anime, hand-inked outlines, saturated colour, visible film grain, dramatic low camera angle, shallow depth of field, 16:9 widescreen, no text, no subtitles, no captions, no logos, no watermark. A holographic trading-card duel. Each duelist wears a metal Duel Disk clamped to their left forearm: a curved silver-and-grey blade with five illuminated card slots swung out into a wide arc, and a round glowing life-point counter set into the housing. Cards are slotted in by hand. Monsters appear as huge translucent light-emitting holograms projected upward from the disk, with visible scan lines and flickering edges. a tall, sharp-featured young man with short dark brown hair and cold pale blue eyes, wearing a long white high-collared coat whose collar flares up past his jaw, sleeves buckled at the wrists, throwing their arm up as a huge holographic card flips face-up in front of them, its frame blazing, flooding the arena with light; a rain-slicked skyscraper rooftop duel arena at night, city lights far below, holographic projector pylons humming at the edges."
"play-activate-mai","play-activate-mai.mp4","duelist","1","5","Mai Valentine — Activate a Spell or Trap","late-1990s cel-shaded anime, hand-inked outlines, saturated colour, visible film grain, dramatic low camera angle, shallow depth of field, 16:9 widescreen, no text, no subtitles, no captions, no logos, no watermark. A holographic trading-card duel. Each duelist wears a metal Duel Disk clamped to their left forearm: a curved silver-and-grey blade with five illuminated card slots swung out into a wide arc, and a round glowing life-point counter set into the housing. Cards are slotted in by hand. Monsters appear as huge translucent light-emitting holograms projected upward from the disk, with visible scan lines and flickering edges. a confident blonde woman with long wavy hair past her shoulders, wearing a sleeveless violet jacket and long fingerless gloves, one hip cocked, throwing their arm up as a huge holographic card flips face-up in front of them, its frame blazing, flooding the arena with light; a torch-lit stone duel arena on a sea cliff at dusk, banners snapping in the wind, waves breaking far below."
"play-activate-yugi","play-activate-yugi.mp4","duelist","1","5","Yugi Muto — Activate a Spell or Trap","late-1990s cel-shaded anime, hand-inked outlines, saturated colour, visible film grain, dramatic low camera angle, shallow depth of field, 16:9 widescreen, no text, no subtitles, no captions, no logos, no watermark. A holographic trading-card duel. Each duelist wears a metal Duel Disk clamped to their left forearm: a curved silver-and-grey blade with five illuminated card slots swung out into a wide arc, and a round glowing life-point counter set into the housing. Cards are slotted in by hand. Monsters appear as huge translucent light-emitting holograms projected upward from the disk, with visible scan lines and flickering edges. a slight teenage boy with dramatic star-shaped black hair tipped with magenta and blond bangs falling over his forehead, wearing a dark blue school jacket with a high collar and a large golden inverted-pyramid pendant on a chain around his neck, throwing their arm up as a huge holographic card flips face-up in front of them, its frame blazing, flooding the arena with light; a rain-slicked skyscraper rooftop duel arena at night, city lights far below, holographic projector pylons humming at the edges."
"play-summon-joey","play-summon-joey.mp4","duelist","1","5","Joey Wheeler — Normal Summon","late-1990s cel-shaded anime, hand-inked outlines, saturated colour, visible film grain, dramatic low camera angle, shallow depth of field, 16:9 widescreen, no text, no subtitles, no captions, no logos, no watermark. A holographic trading-card duel. Each duelist wears a metal Duel Disk clamped to their left forearm: a curved silver-and-grey blade with five illuminated card slots swung out into a wide arc, and a round glowing life-point counter set into the housing. Cards are slotted in by hand. Monsters appear as huge translucent light-emitting holograms projected upward from the disk, with visible scan lines and flickering edges. a scruffy blond teenage boy with shaggy hair falling into his eyes, wearing an unzipped green jacket over a white shirt, restless and loose-limbed, slamming a card down into a Duel Disk slot and thrusting their arm forward; a column of light erupts from the disk as a monster hologram begins to form above it; a torch-lit stone duel arena on a sea cliff at dusk, banners snapping in the wind, waves breaking far below."
"play-summon-kaiba","play-summon-kaiba.mp4","duelist","1","5","Seto Kaiba — Normal Summon","late-1990s cel-shaded anime, hand-inked outlines, saturated colour, visible film grain, dramatic low camera angle, shallow depth of field, 16:9 widescreen, no text, no subtitles, no captions, no logos, no watermark. A holographic trading-card duel. Each duelist wears a metal Duel Disk clamped to their left forearm: a curved silver-and-grey blade with five illuminated card slots swung out into a wide arc, and a round glowing life-point counter set into the housing. Cards are slotted in by hand. Monsters appear as huge translucent light-emitting holograms projected upward from the disk, with visible scan lines and flickering edges. a tall, sharp-featured young man with short dark brown hair and cold pale blue eyes, wearing a long white high-collared coat whose collar flares up past his jaw, sleeves buckled at the wrists, slamming a card down into a Duel Disk slot and thrusting their arm forward; a column of light erupts from the disk as a monster hologram begins to form above it; a rain-slicked skyscraper rooftop duel arena at night, city lights far below, holographic projector pylons humming at the edges."
"play-summon-mai","play-summon-mai.mp4","duelist","1","5","Mai Valentine — Normal Summon","late-1990s cel-shaded anime, hand-inked outlines, saturated colour, visible film grain, dramatic low camera angle, shallow depth of field, 16:9 widescreen, no text, no subtitles, no captions, no logos, no watermark. A holographic trading-card duel. Each duelist wears a metal Duel Disk clamped to their left forearm: a curved silver-and-grey blade with five illuminated card slots swung out into a wide arc, and a round glowing life-point counter set into the housing. Cards are slotted in by hand. Monsters appear as huge translucent light-emitting holograms projected upward from the disk, with visible scan lines and flickering edges. a confident blonde woman with long wavy hair past her shoulders, wearing a sleeveless violet jacket and long fingerless gloves, one hip cocked, slamming a card down into a Duel Disk slot and thrusting their arm forward; a column of light erupts from the disk as a monster hologram begins to form above it; a torch-lit stone duel arena on a sea cliff at dusk, banners snapping in the wind, waves breaking far below."
"play-summon-yugi","play-summon-yugi.mp4","duelist","1","5","Yugi Muto — Normal Summon","late-1990s cel-shaded anime, hand-inked outlines, saturated colour, visible film grain, dramatic low camera angle, shallow depth of field, 16:9 widescreen, no text, no subtitles, no captions, no logos, no watermark. A holographic trading-card duel. Each duelist wears a metal Duel Disk clamped to their left forearm: a curved silver-and-grey blade with five illuminated card slots swung out into a wide arc, and a round glowing life-point counter set into the housing. Cards are slotted in by hand. Monsters appear as huge translucent light-emitting holograms projected upward from the disk, with visible scan lines and flickering edges. a slight teenage boy with dramatic star-shaped black hair tipped with magenta and blond bangs falling over his forehead, wearing a dark blue school jacket with a high collar and a large golden inverted-pyramid pendant on a chain around his neck, slamming a card down into a Duel Disk slot and thrusting their arm forward; a column of light erupts from the disk as a monster hologram begins to form above it; a rain-slicked skyscraper rooftop duel arena at night, city lights far below, holographic projector pylons humming at the edges."
"react-confident-joey","react-confident-joey.mp4","duelist","1","4","Joey Wheeler — Reaction — confident taunt","late-1990s cel-shaded anime, hand-inked outlines, saturated colour, visible film grain, dramatic low camera angle, shallow depth of field, 16:9 widescreen, no text, no subtitles, no captions, no logos, no watermark. A holographic trading-card duel. Each duelist wears a metal Duel Disk clamped to their left forearm: a curved silver-and-grey blade with five illuminated card slots swung out into a wide arc, and a round glowing life-point counter set into the housing. Cards are slotted in by hand. Monsters appear as huge translucent light-emitting holograms projected upward from the disk, with visible scan lines and flickering edges. close-up of a scruffy blond teenage boy with shaggy hair falling into his eyes, wearing an unzipped green jacket over a white shirt, restless and loose-limbed, smirking with absolute certainty, head tilted, holographic light flickering across their face as they speak; a torch-lit stone duel arena on a sea cliff at dusk, banners snapping in the wind, waves breaking far below."
"react-confident-kaiba","react-confident-kaiba.mp4","duelist","1","4","Seto Kaiba — Reaction — confident taunt","late-1990s cel-shaded anime, hand-inked outlines, saturated colour, visible film grain, dramatic low camera angle, shallow depth of field, 16:9 widescreen, no text, no subtitles, no captions, no logos, no watermark. A holographic trading-card duel. Each duelist wears a metal Duel Disk clamped to their left forearm: a curved silver-and-grey blade with five illuminated card slots swung out into a wide arc, and a round glowing life-point counter set into the housing. Cards are slotted in by hand. Monsters appear as huge translucent light-emitting holograms projected upward from the disk, with visible scan lines and flickering edges. close-up of a tall, sharp-featured young man with short dark brown hair and cold pale blue eyes, wearing a long white high-collared coat whose collar flares up past his jaw, sleeves buckled at the wrists, smirking with absolute certainty, head tilted, holographic light flickering across their face as they speak; a rain-slicked skyscraper rooftop duel arena at night, city lights far below, holographic projector pylons humming at the edges."
"react-confident-mai","react-confident-mai.mp4","duelist","1","4","Mai Valentine — Reaction — confident taunt","late-1990s cel-shaded anime, hand-inked outlines, saturated colour, visible film grain, dramatic low camera angle, shallow depth of field, 16:9 widescreen, no text, no subtitles, no captions, no logos, no watermark. A holographic trading-card duel. Each duelist wears a metal Duel Disk clamped to their left forearm: a curved silver-and-grey blade with five illuminated card slots swung out into a wide arc, and a round glowing life-point counter set into the housing. Cards are slotted in by hand. Monsters appear as huge translucent light-emitting holograms projected upward from the disk, with visible scan lines and flickering edges. close-up of a confident blonde woman with long wavy hair past her shoulders, wearing a sleeveless violet jacket and long fingerless gloves, one hip cocked, smirking with absolute certainty, head tilted, holographic light flickering across their face as they speak; a torch-lit stone duel arena on a sea cliff at dusk, banners snapping in the wind, waves breaking far below."
"react-confident-yugi","react-confident-yugi.mp4","duelist","1","4","Yugi Muto — Reaction — confident taunt","late-1990s cel-shaded anime, hand-inked outlines, saturated colour, visible film grain, dramatic low camera angle, shallow depth of field, 16:9 widescreen, no text, no subtitles, no captions, no logos, no watermark. A holographic trading-card duel. Each duelist wears a metal Duel Disk clamped to their left forearm: a curved silver-and-grey blade with five illuminated card slots swung out into a wide arc, and a round glowing life-point counter set into the housing. Cards are slotted in by hand. Monsters appear as huge translucent light-emitting holograms projected upward from the disk, with visible scan lines and flickering edges. close-up of a slight teenage boy with dramatic star-shaped black hair tipped with magenta and blond bangs falling over his forehead, wearing a dark blue school jacket with a high collar and a large golden inverted-pyramid pendant on a chain around his neck, smirking with absolute certainty, head tilted, holographic light flickering across their face as they speak; a rain-slicked skyscraper rooftop duel arena at night, city lights far below, holographic projector pylons humming at the edges."
"react-shocked-joey","react-shocked-joey.mp4","duelist","1","4","Joey Wheeler — Reaction — taking a big hit","late-1990s cel-shaded anime, hand-inked outlines, saturated colour, visible film grain, dramatic low camera angle, shallow depth of field, 16:9 widescreen, no text, no subtitles, no captions, no logos, no watermark. A holographic trading-card duel. Each duelist wears a metal Duel Disk clamped to their left forearm: a curved silver-and-grey blade with five illuminated card slots swung out into a wide arc, and a round glowing life-point counter set into the housing. Cards are slotted in by hand. Monsters appear as huge translucent light-emitting holograms projected upward from the disk, with visible scan lines and flickering edges. close-up of a scruffy blond teenage boy with shaggy hair falling into his eyes, wearing an unzipped green jacket over a white shirt, restless and loose-limbed, recoiling and throwing an arm up to shield their face as a shockwave of light blasts past them, coat and hair whipping back; a torch-lit stone duel arena on a sea cliff at dusk, banners snapping in the wind, waves breaking far below."
"react-shocked-kaiba","react-shocked-kaiba.mp4","duelist","1","4","Seto Kaiba — Reaction — taking a big hit","late-1990s cel-shaded anime, hand-inked outlines, saturated colour, visible film grain, dramatic low camera angle, shallow depth of field, 16:9 widescreen, no text, no subtitles, no captions, no logos, no watermark. A holographic trading-card duel. Each duelist wears a metal Duel Disk clamped to their left forearm: a curved silver-and-grey blade with five illuminated card slots swung out into a wide arc, and a round glowing life-point counter set into the housing. Cards are slotted in by hand. Monsters appear as huge translucent light-emitting holograms projected upward from the disk, with visible scan lines and flickering edges. close-up of a tall, sharp-featured young man with short dark brown hair and cold pale blue eyes, wearing a long white high-collared coat whose collar flares up past his jaw, sleeves buckled at the wrists, recoiling and throwing an arm up to shield their face as a shockwave of light blasts past them, coat and hair whipping back; a rain-slicked skyscraper rooftop duel arena at night, city lights far below, holographic projector pylons humming at the edges."
"react-shocked-mai","react-shocked-mai.mp4","duelist","1","4","Mai Valentine — Reaction — taking a big hit","late-1990s cel-shaded anime, hand-inked outlines, saturated colour, visible film grain, dramatic low camera angle, shallow depth of field, 16:9 widescreen, no text, no subtitles, no captions, no logos, no watermark. A holographic trading-card duel. Each duelist wears a metal Duel Disk clamped to their left forearm: a curved silver-and-grey blade with five illuminated card slots swung out into a wide arc, and a round glowing life-point counter set into the housing. Cards are slotted in by hand. Monsters appear as huge translucent light-emitting holograms projected upward from the disk, with visible scan lines and flickering edges. close-up of a confident blonde woman with long wavy hair past her shoulders, wearing a sleeveless violet jacket and long fingerless gloves, one hip cocked, recoiling and throwing an arm up to shield their face as a shockwave of light blasts past them, coat and hair whipping back; a torch-lit stone duel arena on a sea cliff at dusk, banners snapping in the wind, waves breaking far below."
"react-shocked-yugi","react-shocked-yugi.mp4","duelist","1","4","Yugi Muto — Reaction — taking a big hit","late-1990s cel-shaded anime, hand-inked outlines, saturated colour, visible film grain, dramatic low camera angle, shallow depth of field, 16:9 widescreen, no text, no subtitles, no captions, no logos, no watermark. A holographic trading-card duel. Each duelist wears a metal Duel Disk clamped to their left forearm: a curved silver-and-grey blade with five illuminated card slots swung out into a wide arc, and a round glowing life-point counter set into the housing. Cards are slotted in by hand. Monsters appear as huge translucent light-emitting holograms projected upward from the disk, with visible scan lines and flickering edges. close-up of a slight teenage boy with dramatic star-shaped black hair tipped with magenta and blond bangs falling over his forehead, wearing a dark blue school jacket with a high collar and a large golden inverted-pyramid pendant on a chain around his neck, recoiling and throwing an arm up to shield their face as a shockwave of light blasts past them, coat and hair whipping back; a rain-slicked skyscraper rooftop duel arena at night, city lights far below, holographic projector pylons humming at the edges."
"win-joey","win-joey.mp4","duelist","1","6","Joey Wheeler — Victory","late-1990s cel-shaded anime, hand-inked outlines, saturated colour, visible film grain, dramatic low camera angle, shallow depth of field, 16:9 widescreen, no text, no subtitles, no captions, no logos, no watermark. A holographic trading-card duel. Each duelist wears a metal Duel Disk clamped to their left forearm: a curved silver-and-grey blade with five illuminated card slots swung out into a wide arc, and a round glowing life-point counter set into the housing. Cards are slotted in by hand. Monsters appear as huge translucent light-emitting holograms projected upward from the disk, with visible scan lines and flickering edges. a scruffy blond teenage boy with shaggy hair falling into his eyes, wearing an unzipped green jacket over a white shirt, restless and loose-limbed, standing tall as the last holograms break apart and dissolve around them, Duel Disk powering down, wind pulling at their clothes; a torch-lit stone duel arena on a sea cliff at dusk, banners snapping in the wind, waves breaking far below."
"win-kaiba","win-kaiba.mp4","duelist","1","6","Seto Kaiba — Victory","late-1990s cel-shaded anime, hand-inked outlines, saturated colour, visible film grain, dramatic low camera angle, shallow depth of field, 16:9 widescreen, no text, no subtitles, no captions, no logos, no watermark. A holographic trading-card duel. Each duelist wears a metal Duel Disk clamped to their left forearm: a curved silver-and-grey blade with five illuminated card slots swung out into a wide arc, and a round glowing life-point counter set into the housing. Cards are slotted in by hand. Monsters appear as huge translucent light-emitting holograms projected upward from the disk, with visible scan lines and flickering edges. a tall, sharp-featured young man with short dark brown hair and cold pale blue eyes, wearing a long white high-collared coat whose collar flares up past his jaw, sleeves buckled at the wrists, standing tall as the last holograms break apart and dissolve around them, Duel Disk powering down, wind pulling at their clothes; a rain-slicked skyscraper rooftop duel arena at night, city lights far below, holographic projector pylons humming at the edges."
"win-mai","win-mai.mp4","duelist","1","6","Mai Valentine — Victory","late-1990s cel-shaded anime, hand-inked outlines, saturated colour, visible film grain, dramatic low camera angle, shallow depth of field, 16:9 widescreen, no text, no subtitles, no captions, no logos, no watermark. A holographic trading-card duel. Each duelist wears a metal Duel Disk clamped to their left forearm: a curved silver-and-grey blade with five illuminated card slots swung out into a wide arc, and a round glowing life-point counter set into the housing. Cards are slotted in by hand. Monsters appear as huge translucent light-emitting holograms projected upward from the disk, with visible scan lines and flickering edges. a confident blonde woman with long wavy hair past her shoulders, wearing a sleeveless violet jacket and long fingerless gloves, one hip cocked, standing tall as the last holograms break apart and dissolve around them, Duel Disk powering down, wind pulling at their clothes; a torch-lit stone duel arena on a sea cliff at dusk, banners snapping in the wind, waves breaking far below."
"win-yugi","win-yugi.mp4","duelist","1","6","Yugi Muto — Victory","late-1990s cel-shaded anime, hand-inked outlines, saturated colour, visible film grain, dramatic low camera angle, shallow depth of field, 16:9 widescreen, no text, no subtitles, no captions, no logos, no watermark. A holographic trading-card duel. Each duelist wears a metal Duel Disk clamped to their left forearm: a curved silver-and-grey blade with five illuminated card slots swung out into a wide arc, and a round glowing life-point counter set into the housing. Cards are slotted in by hand. Monsters appear as huge translucent light-emitting holograms projected upward from the disk, with visible scan lines and flickering edges. a slight teenage boy with dramatic star-shaped black hair tipped with magenta and blond bangs falling over his forehead, wearing a dark blue school jacket with a high collar and a large golden inverted-pyramid pendant on a chain around his neck, standing tall as the last holograms break apart and dissolve around them, Duel Disk powering down, wind pulling at their clothes; a rain-slicked skyscraper rooftop duel arena at night, city lights far below, holographic projector pylons humming at the edges."
"intro","intro.mp4","title","1","6","Opening title sequence","AAA 3D cinematic animation, Unreal Engine quality, physically based rendering, volumetric light shafts, chromatic aberration, brushed chrome and carbon fibre, glowing cyan and magenta holographic interface panels, deep blacks, anamorphic lens flares, shallow depth of field, motion blur, 16:9 widescreen, no text, no letters, no logos, no watermark. a camera flies through a vast dark cyber-arena as a forearm duel disk unfolds in extreme close-up, card slots igniting one by one; holographic monster silhouettes bloom and dissolve around it; the camera pulls back hard to reveal the arena floor lighting up in a grid."
"outro","outro.mp4","title","1","6","End of duel","AAA 3D cinematic animation, Unreal Engine quality, physically based rendering, volumetric light shafts, chromatic aberration, brushed chrome and carbon fibre, glowing cyan and magenta holographic interface panels, deep blacks, anamorphic lens flares, shallow depth of field, motion blur, 16:9 widescreen, no text, no letters, no logos, no watermark. the holographic arena powers down: light panels shutting off in sequence, monster silhouettes dissolving into drifting particles, a forearm duel disk folding closed and going dark, camera craning up into black."
"vs-joey-mai","vs-joey-mai.mp4","title","1","6","Versus plate — Duel II","AAA 3D cinematic animation, Unreal Engine quality, physically based rendering, volumetric light shafts, chromatic aberration, brushed chrome and carbon fibre, glowing cyan and magenta holographic interface panels, deep blacks, anamorphic lens flares, shallow depth of field, motion blur, 16:9 widescreen, no text, no letters, no logos, no watermark. a split-screen versus plate: on the left a scruffy blond teenage boy with shaggy hair falling into his eyes, wearing an unzipped green jacket over a white shirt, restless and loose-limbed, on the right a confident blonde woman with long wavy hair past her shoulders, wearing a sleeveless violet jacket and long fingerless gloves, one hip cocked, both rendered as photoreal 3D characters lit from below, facing each other across a jagged energy seam that tears down the centre of frame; holographic card silhouettes and data panels sweep past the camera; the seam flares white on impact."
"vs-yugi-kaiba","vs-yugi-kaiba.mp4","title","1","6","Versus plate — Duel I","AAA 3D cinematic animation, Unreal Engine quality, physically based rendering, volumetric light shafts, chromatic aberration, brushed chrome and carbon fibre, glowing cyan and magenta holographic interface panels, deep blacks, anamorphic lens flares, shallow depth of field, motion blur, 16:9 widescreen, no text, no letters, no logos, no watermark. a split-screen versus plate: on the left a slight teenage boy with dramatic star-shaped black hair tipped with magenta and blond bangs falling over his forehead, wearing a dark blue school jacket with a high collar and a large golden inverted-pyramid pendant on a chain around his neck, on the right a tall, sharp-featured young man with short dark brown hair and cold pale blue eyes, wearing a long white high-collared coat whose collar flares up past his jaw, sleeves buckled at the wrists, both rendered as photoreal 3D characters lit from below, facing each other across a jagged energy seam that tears down the centre of frame; holographic card silhouettes and data panels sweep past the camera; the seam flares white on impact."
"lp-damage","lp-damage.mp4","arena","2","3","Life points dropping","late-1990s cel-shaded anime, hand-inked outlines, saturated colour, visible film grain, dramatic low camera angle, shallow depth of field, 16:9 widescreen, no text, no subtitles, no captions, no logos, no watermark. A holographic trading-card duel. Each duelist wears a metal Duel Disk clamped to their left forearm: a curved silver-and-grey blade with five illuminated card slots swung out into a wide arc, and a round glowing life-point counter set into the housing. Cards are slotted in by hand. Monsters appear as huge translucent light-emitting holograms projected upward from the disk, with visible scan lines and flickering edges. extreme close-up of the round life-point counter set into a forearm Duel Disk, the glowing number spinning downward as the housing flashes red and sparks."
"draw-joey","draw-joey.mp4","duelist","2","4","Joey Wheeler — Draw — topdeck moment","late-1990s cel-shaded anime, hand-inked outlines, saturated colour, visible film grain, dramatic low camera angle, shallow depth of field, 16:9 widescreen, no text, no subtitles, no captions, no logos, no watermark. A holographic trading-card duel. Each duelist wears a metal Duel Disk clamped to their left forearm: a curved silver-and-grey blade with five illuminated card slots swung out into a wide arc, and a round glowing life-point counter set into the housing. Cards are slotted in by hand. Monsters appear as huge translucent light-emitting holograms projected upward from the disk, with visible scan lines and flickering edges. close on a scruffy blond teenage boy with shaggy hair falling into his eyes, wearing an unzipped green jacket over a white shirt, restless and loose-limbed, drawing a single card from the Duel Disk deck holder and turning it over, eyes widening as light catches the card face; a torch-lit stone duel arena on a sea cliff at dusk, banners snapping in the wind, waves breaking far below."
"draw-kaiba","draw-kaiba.mp4","duelist","2","4","Seto Kaiba — Draw — topdeck moment","late-1990s cel-shaded anime, hand-inked outlines, saturated colour, visible film grain, dramatic low camera angle, shallow depth of field, 16:9 widescreen, no text, no subtitles, no captions, no logos, no watermark. A holographic trading-card duel. Each duelist wears a metal Duel Disk clamped to their left forearm: a curved silver-and-grey blade with five illuminated card slots swung out into a wide arc, and a round glowing life-point counter set into the housing. Cards are slotted in by hand. Monsters appear as huge translucent light-emitting holograms projected upward from the disk, with visible scan lines and flickering edges. close on a tall, sharp-featured young man with short dark brown hair and cold pale blue eyes, wearing a long white high-collared coat whose collar flares up past his jaw, sleeves buckled at the wrists, drawing a single card from the Duel Disk deck holder and turning it over, eyes widening as light catches the card face; a rain-slicked skyscraper rooftop duel arena at night, city lights far below, holographic projector pylons humming at the edges."
"draw-mai","draw-mai.mp4","duelist","2","4","Mai Valentine — Draw — topdeck moment","late-1990s cel-shaded anime, hand-inked outlines, saturated colour, visible film grain, dramatic low camera angle, shallow depth of field, 16:9 widescreen, no text, no subtitles, no captions, no logos, no watermark. A holographic trading-card duel. Each duelist wears a metal Duel Disk clamped to their left forearm: a curved silver-and-grey blade with five illuminated card slots swung out into a wide arc, and a round glowing life-point counter set into the housing. Cards are slotted in by hand. Monsters appear as huge translucent light-emitting holograms projected upward from the disk, with visible scan lines and flickering edges. close on a confident blonde woman with long wavy hair past her shoulders, wearing a sleeveless violet jacket and long fingerless gloves, one hip cocked, drawing a single card from the Duel Disk deck holder and turning it over, eyes widening as light catches the card face; a torch-lit stone duel arena on a sea cliff at dusk, banners snapping in the wind, waves breaking far below."
"draw-yugi","draw-yugi.mp4","duelist","2","4","Yugi Muto — Draw — topdeck moment","late-1990s cel-shaded anime, hand-inked outlines, saturated colour, visible film grain, dramatic low camera angle, shallow depth of field, 16:9 widescreen, no text, no subtitles, no captions, no logos, no watermark. A holographic trading-card duel. Each duelist wears a metal Duel Disk clamped to their left forearm: a curved silver-and-grey blade with five illuminated card slots swung out into a wide arc, and a round glowing life-point counter set into the housing. Cards are slotted in by hand. Monsters appear as huge translucent light-emitting holograms projected upward from the disk, with visible scan lines and flickering edges. close on a slight teenage boy with dramatic star-shaped black hair tipped with magenta and blond bangs falling over his forehead, wearing a dark blue school jacket with a high collar and a large golden inverted-pyramid pendant on a chain around his neck, drawing a single card from the Duel Disk deck holder and turning it over, eyes widening as light catches the card face; a rain-slicked skyscraper rooftop duel arena at night, city lights far below, holographic projector pylons humming at the edges."
"lose-joey","lose-joey.mp4","duelist","2","5","Joey Wheeler — Defeat","late-1990s cel-shaded anime, hand-inked outlines, saturated colour, visible film grain, dramatic low camera angle, shallow depth of field, 16:9 widescreen, no text, no subtitles, no captions, no logos, no watermark. A holographic trading-card duel. Each duelist wears a metal Duel Disk clamped to their left forearm: a curved silver-and-grey blade with five illuminated card slots swung out into a wide arc, and a round glowing life-point counter set into the housing. Cards are slotted in by hand. Monsters appear as huge translucent light-emitting holograms projected upward from the disk, with visible scan lines and flickering edges. a scruffy blond teenage boy with shaggy hair falling into his eyes, wearing an unzipped green jacket over a white shirt, restless and loose-limbed, staggering back a step as their life-point counter hits zero and every hologram in front of them shatters into fading light; a torch-lit stone duel arena on a sea cliff at dusk, banners snapping in the wind, waves breaking far below."
"lose-kaiba","lose-kaiba.mp4","duelist","2","5","Seto Kaiba — Defeat","late-1990s cel-shaded anime, hand-inked outlines, saturated colour, visible film grain, dramatic low camera angle, shallow depth of field, 16:9 widescreen, no text, no subtitles, no captions, no logos, no watermark. A holographic trading-card duel. Each duelist wears a metal Duel Disk clamped to their left forearm: a curved silver-and-grey blade with five illuminated card slots swung out into a wide arc, and a round glowing life-point counter set into the housing. Cards are slotted in by hand. Monsters appear as huge translucent light-emitting holograms projected upward from the disk, with visible scan lines and flickering edges. a tall, sharp-featured young man with short dark brown hair and cold pale blue eyes, wearing a long white high-collared coat whose collar flares up past his jaw, sleeves buckled at the wrists, staggering back a step as their life-point counter hits zero and every hologram in front of them shatters into fading light; a rain-slicked skyscraper rooftop duel arena at night, city lights far below, holographic projector pylons humming at the edges."
"lose-mai","lose-mai.mp4","duelist","2","5","Mai Valentine — Defeat","late-1990s cel-shaded anime, hand-inked outlines, saturated colour, visible film grain, dramatic low camera angle, shallow depth of field, 16:9 widescreen, no text, no subtitles, no captions, no logos, no watermark. A holographic trading-card duel. Each duelist wears a metal Duel Disk clamped to their left forearm: a curved silver-and-grey blade with five illuminated card slots swung out into a wide arc, and a round glowing life-point counter set into the housing. Cards are slotted in by hand. Monsters appear as huge translucent light-emitting holograms projected upward from the disk, with visible scan lines and flickering edges. a confident blonde woman with long wavy hair past her shoulders, wearing a sleeveless violet jacket and long fingerless gloves, one hip cocked, staggering back a step as their life-point counter hits zero and every hologram in front of them shatters into fading light; a torch-lit stone duel arena on a sea cliff at dusk, banners snapping in the wind, waves breaking far below."
"lose-yugi","lose-yugi.mp4","duelist","2","5","Yugi Muto — Defeat","late-1990s cel-shaded anime, hand-inked outlines, saturated colour, visible film grain, dramatic low camera angle, shallow depth of field, 16:9 widescreen, no text, no subtitles, no captions, no logos, no watermark. A holographic trading-card duel. Each duelist wears a metal Duel Disk clamped to their left forearm: a curved silver-and-grey blade with five illuminated card slots swung out into a wide arc, and a round glowing life-point counter set into the housing. Cards are slotted in by hand. Monsters appear as huge translucent light-emitting holograms projected upward from the disk, with visible scan lines and flickering edges. a slight teenage boy with dramatic star-shaped black hair tipped with magenta and blond bangs falling over his forehead, wearing a dark blue school jacket with a high collar and a large golden inverted-pyramid pendant on a chain around his neck, staggering back a step as their life-point counter hits zero and every hologram in front of them shatters into fading light; a rain-slicked skyscraper rooftop duel arena at night, city lights far below, holographic projector pylons humming at the edges."
"play-set-joey","play-set-joey.mp4","duelist","2","4","Joey Wheeler — Set a card face-down","late-1990s cel-shaded anime, hand-inked outlines, saturated colour, visible film grain, dramatic low camera angle, shallow depth of field, 16:9 widescreen, no text, no subtitles, no captions, no logos, no watermark. A holographic trading-card duel. Each duelist wears a metal Duel Disk clamped to their left forearm: a curved silver-and-grey blade with five illuminated card slots swung out into a wide arc, and a round glowing life-point counter set into the housing. Cards are slotted in by hand. Monsters appear as huge translucent light-emitting holograms projected upward from the disk, with visible scan lines and flickering edges. a scruffy blond teenage boy with shaggy hair falling into his eyes, wearing an unzipped green jacket over a white shirt, restless and loose-limbed, sliding a card face-down into a Duel Disk slot with a flick of the wrist; a flat translucent brown card-back hologram materialises horizontally in front of them and hangs there; a torch-lit stone duel arena on a sea cliff at dusk, banners snapping in the wind, waves breaking far below."
"play-set-kaiba","play-set-kaiba.mp4","duelist","2","4","Seto Kaiba — Set a card face-down","late-1990s cel-shaded anime, hand-inked outlines, saturated colour, visible film grain, dramatic low camera angle, shallow depth of field, 16:9 widescreen, no text, no subtitles, no captions, no logos, no watermark. A holographic trading-card duel. Each duelist wears a metal Duel Disk clamped to their left forearm: a curved silver-and-grey blade with five illuminated card slots swung out into a wide arc, and a round glowing life-point counter set into the housing. Cards are slotted in by hand. Monsters appear as huge translucent light-emitting holograms projected upward from the disk, with visible scan lines and flickering edges. a tall, sharp-featured young man with short dark brown hair and cold pale blue eyes, wearing a long white high-collared coat whose collar flares up past his jaw, sleeves buckled at the wrists, sliding a card face-down into a Duel Disk slot with a flick of the wrist; a flat translucent brown card-back hologram materialises horizontally in front of them and hangs there; a rain-slicked skyscraper rooftop duel arena at night, city lights far below, holographic projector pylons humming at the edges."
"play-set-mai","play-set-mai.mp4","duelist","2","4","Mai Valentine — Set a card face-down","late-1990s cel-shaded anime, hand-inked outlines, saturated colour, visible film grain, dramatic low camera angle, shallow depth of field, 16:9 widescreen, no text, no subtitles, no captions, no logos, no watermark. A holographic trading-card duel. Each duelist wears a metal Duel Disk clamped to their left forearm: a curved silver-and-grey blade with five illuminated card slots swung out into a wide arc, and a round glowing life-point counter set into the housing. Cards are slotted in by hand. Monsters appear as huge translucent light-emitting holograms projected upward from the disk, with visible scan lines and flickering edges. a confident blonde woman with long wavy hair past her shoulders, wearing a sleeveless violet jacket and long fingerless gloves, one hip cocked, sliding a card face-down into a Duel Disk slot with a flick of the wrist; a flat translucent brown card-back hologram materialises horizontally in front of them and hangs there; a torch-lit stone duel arena on a sea cliff at dusk, banners snapping in the wind, waves breaking far below."
"play-set-yugi","play-set-yugi.mp4","duelist","2","4","Yugi Muto — Set a card face-down","late-1990s cel-shaded anime, hand-inked outlines, saturated colour, visible film grain, dramatic low camera angle, shallow depth of field, 16:9 widescreen, no text, no subtitles, no captions, no logos, no watermark. A holographic trading-card duel. Each duelist wears a metal Duel Disk clamped to their left forearm: a curved silver-and-grey blade with five illuminated card slots swung out into a wide arc, and a round glowing life-point counter set into the housing. Cards are slotted in by hand. Monsters appear as huge translucent light-emitting holograms projected upward from the disk, with visible scan lines and flickering edges. a slight teenage boy with dramatic star-shaped black hair tipped with magenta and blond bangs falling over his forehead, wearing a dark blue school jacket with a high collar and a large golden inverted-pyramid pendant on a chain around his neck, sliding a card face-down into a Duel Disk slot with a flick of the wrist; a flat translucent brown card-back hologram materialises horizontally in front of them and hangs there; a rain-slicked skyscraper rooftop duel arena at night, city lights far below, holographic projector pylons humming at the edges."
"react-determined-joey","react-determined-joey.mp4","duelist","2","4","Joey Wheeler — Reaction — low life points","late-1990s cel-shaded anime, hand-inked outlines, saturated colour, visible film grain, dramatic low camera angle, shallow depth of field, 16:9 widescreen, no text, no subtitles, no captions, no logos, no watermark. A holographic trading-card duel. Each duelist wears a metal Duel Disk clamped to their left forearm: a curved silver-and-grey blade with five illuminated card slots swung out into a wide arc, and a round glowing life-point counter set into the housing. Cards are slotted in by hand. Monsters appear as huge translucent light-emitting holograms projected upward from the disk, with visible scan lines and flickering edges. close-up of a scruffy blond teenage boy with shaggy hair falling into his eyes, wearing an unzipped green jacket over a white shirt, restless and loose-limbed, breathing hard, jaw set, refusing to look away, the life-point counter on their Duel Disk glowing red beside them; a torch-lit stone duel arena on a sea cliff at dusk, banners snapping in the wind, waves breaking far below."
"react-determined-kaiba","react-determined-kaiba.mp4","duelist","2","4","Seto Kaiba — Reaction — low life points","late-1990s cel-shaded anime, hand-inked outlines, saturated colour, visible film grain, dramatic low camera angle, shallow depth of field, 16:9 widescreen, no text, no subtitles, no captions, no logos, no watermark. A holographic trading-card duel. Each duelist wears a metal Duel Disk clamped to their left forearm: a curved silver-and-grey blade with five illuminated card slots swung out into a wide arc, and a round glowing life-point counter set into the housing. Cards are slotted in by hand. Monsters appear as huge translucent light-emitting holograms projected upward from the disk, with visible scan lines and flickering edges. close-up of a tall, sharp-featured young man with short dark brown hair and cold pale blue eyes, wearing a long white high-collared coat whose collar flares up past his jaw, sleeves buckled at the wrists, breathing hard, jaw set, refusing to look away, the life-point counter on their Duel Disk glowing red beside them; a rain-slicked skyscraper rooftop duel arena at night, city lights far below, holographic projector pylons humming at the edges."
"react-determined-mai","react-determined-mai.mp4","duelist","2","4","Mai Valentine — Reaction — low life points","late-1990s cel-shaded anime, hand-inked outlines, saturated colour, visible film grain, dramatic low camera angle, shallow depth of field, 16:9 widescreen, no text, no subtitles, no captions, no logos, no watermark. A holographic trading-card duel. Each duelist wears a metal Duel Disk clamped to their left forearm: a curved silver-and-grey blade with five illuminated card slots swung out into a wide arc, and a round glowing life-point counter set into the housing. Cards are slotted in by hand. Monsters appear as huge translucent light-emitting holograms projected upward from the disk, with visible scan lines and flickering edges. close-up of a confident blonde woman with long wavy hair past her shoulders, wearing a sleeveless violet jacket and long fingerless gloves, one hip cocked, breathing hard, jaw set, refusing to look away, the life-point counter on their Duel Disk glowing red beside them; a torch-lit stone duel arena on a sea cliff at dusk, banners snapping in the wind, waves breaking far below."
"react-determined-yugi","react-determined-yugi.mp4","duelist","2","4","Yugi Muto — Reaction — low life points","late-1990s cel-shaded anime, hand-inked outlines, saturated colour, visible film grain, dramatic low camera angle, shallow depth of field, 16:9 widescreen, no text, no subtitles, no captions, no logos, no watermark. A holographic trading-card duel. Each duelist wears a metal Duel Disk clamped to their left forearm: a curved silver-and-grey blade with five illuminated card slots swung out into a wide arc, and a round glowing life-point counter set into the housing. Cards are slotted in by hand. Monsters appear as huge translucent light-emitting holograms projected upward from the disk, with visible scan lines and flickering edges. close-up of a slight teenage boy with dramatic star-shaped black hair tipped with magenta and blond bangs falling over his forehead, wearing a dark blue school jacket with a high collar and a large golden inverted-pyramid pendant on a chain around his neck, breathing hard, jaw set, refusing to look away, the life-point counter on their Duel Disk glowing red beside them; a rain-slicked skyscraper rooftop duel arena at night, city lights far below, holographic projector pylons humming at the edges."
"clash-DARK","clash-DARK.mp4","monster","2","6","clash · DARK","late-1990s cel-shaded anime, hand-inked outlines, saturated colour, visible film grain, dramatic low camera angle, shallow depth of field, 16:9 widescreen, no text, no subtitles, no captions, no logos, no watermark. A holographic trading-card duel. Each duelist wears a metal Duel Disk clamped to their left forearm: a curved silver-and-grey blade with five illuminated card slots swung out into a wide arc, and a round glowing life-point counter set into the housing. Cards are slotted in by hand. Monsters appear as huge translucent light-emitting holograms projected upward from the disk, with visible scan lines and flickering edges. two enormous monster holograms collide head-on in a shockwave of deep violet and black energy, purple rim light, in a floodlit open-air duel arena at night, holographic projector pylons at its edges, empty stands beyond."
"clash-EARTH","clash-EARTH.mp4","monster","2","6","clash · EARTH","late-1990s cel-shaded anime, hand-inked outlines, saturated colour, visible film grain, dramatic low camera angle, shallow depth of field, 16:9 widescreen, no text, no subtitles, no captions, no logos, no watermark. A holographic trading-card duel. Each duelist wears a metal Duel Disk clamped to their left forearm: a curved silver-and-grey blade with five illuminated card slots swung out into a wide arc, and a round glowing life-point counter set into the housing. Cards are slotted in by hand. Monsters appear as huge translucent light-emitting holograms projected upward from the disk, with visible scan lines and flickering edges. two enormous monster holograms collide head-on in a shockwave of amber and bronze earth energy, dust and stone, in a floodlit open-air duel arena at night, holographic projector pylons at its edges, empty stands beyond."
"clash-FIRE","clash-FIRE.mp4","monster","2","6","clash · FIRE","late-1990s cel-shaded anime, hand-inked outlines, saturated colour, visible film grain, dramatic low camera angle, shallow depth of field, 16:9 widescreen, no text, no subtitles, no captions, no logos, no watermark. A holographic trading-card duel. Each duelist wears a metal Duel Disk clamped to their left forearm: a curved silver-and-grey blade with five illuminated card slots swung out into a wide arc, and a round glowing life-point counter set into the housing. Cards are slotted in by hand. Monsters appear as huge translucent light-emitting holograms projected upward from the disk, with visible scan lines and flickering edges. two enormous monster holograms collide head-on in a shockwave of orange and red flame, embers streaming, in a floodlit open-air duel arena at night, holographic projector pylons at its edges, empty stands beyond."
"clash-LIGHT","clash-LIGHT.mp4","monster","2","6","clash · LIGHT","late-1990s cel-shaded anime, hand-inked outlines, saturated colour, visible film grain, dramatic low camera angle, shallow depth of field, 16:9 widescreen, no text, no subtitles, no captions, no logos, no watermark. A holographic trading-card duel. Each duelist wears a metal Duel Disk clamped to their left forearm: a curved silver-and-grey blade with five illuminated card slots swung out into a wide arc, and a round glowing life-point counter set into the housing. Cards are slotted in by hand. Monsters appear as huge translucent light-emitting holograms projected upward from the disk, with visible scan lines and flickering edges. two enormous monster holograms collide head-on in a shockwave of brilliant white and cyan energy, blinding highlights, in a floodlit open-air duel arena at night, holographic projector pylons at its edges, empty stands beyond."
"clash-WIND","clash-WIND.mp4","monster","2","6","clash · WIND","late-1990s cel-shaded anime, hand-inked outlines, saturated colour, visible film grain, dramatic low camera angle, shallow depth of field, 16:9 widescreen, no text, no subtitles, no captions, no logos, no watermark. A holographic trading-card duel. Each duelist wears a metal Duel Disk clamped to their left forearm: a curved silver-and-grey blade with five illuminated card slots swung out into a wide arc, and a round glowing life-point counter set into the housing. Cards are slotted in by hand. Monsters appear as huge translucent light-emitting holograms projected upward from the disk, with visible scan lines and flickering edges. two enormous monster holograms collide head-on in a shockwave of green and white air currents, swirling gusts, in a floodlit open-air duel arena at night, holographic projector pylons at its edges, empty stands beyond."
"summon-DARK-dragon","summon-DARK-dragon.mp4","monster","2","6","summon · DARK · dragon","late-1990s cel-shaded anime, hand-inked outlines, saturated colour, visible film grain, dramatic low camera angle, shallow depth of field, 16:9 widescreen, no text, no subtitles, no captions, no logos, no watermark. A holographic trading-card duel. Each duelist wears a metal Duel Disk clamped to their left forearm: a curved silver-and-grey blade with five illuminated card slots swung out into a wide arc, and a round glowing life-point counter set into the housing. Cards are slotted in by hand. Monsters appear as huge translucent light-emitting holograms projected upward from the disk, with visible scan lines and flickering edges. an enormous armoured dragon, wings spread, jaws wide, erupting upward as a giant hologram from a duelist's forearm Duel Disk, deep violet and black energy, purple rim light, in a floodlit open-air duel arena at night, holographic projector pylons at its edges, empty stands beyond."
"summon-DARK-fiend","summon-DARK-fiend.mp4","monster","2","6","summon · DARK · fiend","late-1990s cel-shaded anime, hand-inked outlines, saturated colour, visible film grain, dramatic low camera angle, shallow depth of field, 16:9 widescreen, no text, no subtitles, no captions, no logos, no watermark. A holographic trading-card duel. Each duelist wears a metal Duel Disk clamped to their left forearm: a curved silver-and-grey blade with five illuminated card slots swung out into a wide arc, and a round glowing life-point counter set into the housing. Cards are slotted in by hand. Monsters appear as huge translucent light-emitting holograms projected upward from the disk, with visible scan lines and flickering edges. a horned demonic creature wreathed in crackling shadow, erupting upward as a giant hologram from a duelist's forearm Duel Disk, deep violet and black energy, purple rim light, in a floodlit open-air duel arena at night, holographic projector pylons at its edges, empty stands beyond."
"summon-DARK-spellcaster","summon-DARK-spellcaster.mp4","monster","2","6","summon · DARK · spellcaster","late-1990s cel-shaded anime, hand-inked outlines, saturated colour, visible film grain, dramatic low camera angle, shallow depth of field, 16:9 widescreen, no text, no subtitles, no captions, no logos, no watermark. A holographic trading-card duel. Each duelist wears a metal Duel Disk clamped to their left forearm: a curved silver-and-grey blade with five illuminated card slots swung out into a wide arc, and a round glowing life-point counter set into the housing. Cards are slotted in by hand. Monsters appear as huge translucent light-emitting holograms projected upward from the disk, with visible scan lines and flickering edges. a robed sorcerer channelling energy through a raised staff, erupting upward as a giant hologram from a duelist's forearm Duel Disk, deep violet and black energy, purple rim light, in a floodlit open-air duel arena at night, holographic projector pylons at its edges, empty stands beyond."
"summon-DARK-warrior","summon-DARK-warrior.mp4","monster","2","6","summon · DARK · warrior","late-1990s cel-shaded anime, hand-inked outlines, saturated colour, visible film grain, dramatic low camera angle, shallow depth of field, 16:9 widescreen, no text, no subtitles, no captions, no logos, no watermark. A holographic trading-card duel. Each duelist wears a metal Duel Disk clamped to their left forearm: a curved silver-and-grey blade with five illuminated card slots swung out into a wide arc, and a round glowing life-point counter set into the housing. Cards are slotted in by hand. Monsters appear as huge translucent light-emitting holograms projected upward from the disk, with visible scan lines and flickering edges. an armoured warrior in a heavy battle stance, weapon raised, erupting upward as a giant hologram from a duelist's forearm Duel Disk, deep violet and black energy, purple rim light, in a floodlit open-air duel arena at night, holographic projector pylons at its edges, empty stands beyond."
"summon-EARTH-beast","summon-EARTH-beast.mp4","monster","2","6","summon · EARTH · beast","late-1990s cel-shaded anime, hand-inked outlines, saturated colour, visible film grain, dramatic low camera angle, shallow depth of field, 16:9 widescreen, no text, no subtitles, no captions, no logos, no watermark. A holographic trading-card duel. Each duelist wears a metal Duel Disk clamped to their left forearm: a curved silver-and-grey blade with five illuminated card slots swung out into a wide arc, and a round glowing life-point counter set into the housing. Cards are slotted in by hand. Monsters appear as huge translucent light-emitting holograms projected upward from the disk, with visible scan lines and flickering edges. a huge four-legged beast mid-pounce, muscles bunched, erupting upward as a giant hologram from a duelist's forearm Duel Disk, amber and bronze earth energy, dust and stone, in a floodlit open-air duel arena at night, holographic projector pylons at its edges, empty stands beyond."
"summon-EARTH-warrior","summon-EARTH-warrior.mp4","monster","2","6","summon · EARTH · warrior","late-1990s cel-shaded anime, hand-inked outlines, saturated colour, visible film grain, dramatic low camera angle, shallow depth of field, 16:9 widescreen, no text, no subtitles, no captions, no logos, no watermark. A holographic trading-card duel. Each duelist wears a metal Duel Disk clamped to their left forearm: a curved silver-and-grey blade with five illuminated card slots swung out into a wide arc, and a round glowing life-point counter set into the housing. Cards are slotted in by hand. Monsters appear as huge translucent light-emitting holograms projected upward from the disk, with visible scan lines and flickering edges. an armoured warrior in a heavy battle stance, weapon raised, erupting upward as a giant hologram from a duelist's forearm Duel Disk, amber and bronze earth energy, dust and stone, in a floodlit open-air duel arena at night, holographic projector pylons at its edges, empty stands beyond."
"summon-FIRE-spellcaster","summon-FIRE-spellcaster.mp4","monster","2","6","summon · FIRE · spellcaster","late-1990s cel-shaded anime, hand-inked outlines, saturated colour, visible film grain, dramatic low camera angle, shallow depth of field, 16:9 widescreen, no text, no subtitles, no captions, no logos, no watermark. A holographic trading-card duel. Each duelist wears a metal Duel Disk clamped to their left forearm: a curved silver-and-grey blade with five illuminated card slots swung out into a wide arc, and a round glowing life-point counter set into the housing. Cards are slotted in by hand. Monsters appear as huge translucent light-emitting holograms projected upward from the disk, with visible scan lines and flickering edges. a robed sorcerer channelling energy through a raised staff, erupting upward as a giant hologram from a duelist's forearm Duel Disk, orange and red flame, embers streaming, in a floodlit open-air duel arena at night, holographic projector pylons at its edges, empty stands beyond."
"summon-FIRE-warrior","summon-FIRE-warrior.mp4","monster","2","6","summon · FIRE · warrior","late-1990s cel-shaded anime, hand-inked outlines, saturated colour, visible film grain, dramatic low camera angle, shallow depth of field, 16:9 widescreen, no text, no subtitles, no captions, no logos, no watermark. A holographic trading-card duel. Each duelist wears a metal Duel Disk clamped to their left forearm: a curved silver-and-grey blade with five illuminated card slots swung out into a wide arc, and a round glowing life-point counter set into the housing. Cards are slotted in by hand. Monsters appear as huge translucent light-emitting holograms projected upward from the disk, with visible scan lines and flickering edges. an armoured warrior in a heavy battle stance, weapon raised, erupting upward as a giant hologram from a duelist's forearm Duel Disk, orange and red flame, embers streaming, in a floodlit open-air duel arena at night, holographic projector pylons at its edges, empty stands beyond."
"summon-LIGHT-dragon","summon-LIGHT-dragon.mp4","monster","2","6","summon · LIGHT · dragon","late-1990s cel-shaded anime, hand-inked outlines, saturated colour, visible film grain, dramatic low camera angle, shallow depth of field, 16:9 widescreen, no text, no subtitles, no captions, no logos, no watermark. A holographic trading-card duel. Each duelist wears a metal Duel Disk clamped to their left forearm: a curved silver-and-grey blade with five illuminated card slots swung out into a wide arc, and a round glowing life-point counter set into the housing. Cards are slotted in by hand. Monsters appear as huge translucent light-emitting holograms projected upward from the disk, with visible scan lines and flickering edges. an enormous armoured dragon, wings spread, jaws wide, erupting upward as a giant hologram from a duelist's forearm Duel Disk, brilliant white and cyan energy, blinding highlights, in a floodlit open-air duel arena at night, holographic projector pylons at its edges, empty stands beyond."
"summon-LIGHT-winged","summon-LIGHT-winged.mp4","monster","2","6","summon · LIGHT · winged","late-1990s cel-shaded anime, hand-inked outlines, saturated colour, visible film grain, dramatic low camera angle, shallow depth of field, 16:9 widescreen, no text, no subtitles, no captions, no logos, no watermark. A holographic trading-card duel. Each duelist wears a metal Duel Disk clamped to their left forearm: a curved silver-and-grey blade with five illuminated card slots swung out into a wide arc, and a round glowing life-point counter set into the housing. Cards are slotted in by hand. Monsters appear as huge translucent light-emitting holograms projected upward from the disk, with visible scan lines and flickering edges. a winged humanoid creature banking hard, feathers flaring, erupting upward as a giant hologram from a duelist's forearm Duel Disk, brilliant white and cyan energy, blinding highlights, in a floodlit open-air duel arena at night, holographic projector pylons at its edges, empty stands beyond."
"summon-WIND-beast","summon-WIND-beast.mp4","monster","2","6","summon · WIND · beast","late-1990s cel-shaded anime, hand-inked outlines, saturated colour, visible film grain, dramatic low camera angle, shallow depth of field, 16:9 widescreen, no text, no subtitles, no captions, no logos, no watermark. A holographic trading-card duel. Each duelist wears a metal Duel Disk clamped to their left forearm: a curved silver-and-grey blade with five illuminated card slots swung out into a wide arc, and a round glowing life-point counter set into the housing. Cards are slotted in by hand. Monsters appear as huge translucent light-emitting holograms projected upward from the disk, with visible scan lines and flickering edges. a huge four-legged beast mid-pounce, muscles bunched, erupting upward as a giant hologram from a duelist's forearm Duel Disk, green and white air currents, swirling gusts, in a floodlit open-air duel arena at night, holographic projector pylons at its edges, empty stands beyond."
"summon-WIND-dragon","summon-WIND-dragon.mp4","monster","2","6","summon · WIND · dragon","late-1990s cel-shaded anime, hand-inked outlines, saturated colour, visible film grain, dramatic low camera angle, shallow depth of field, 16:9 widescreen, no text, no subtitles, no captions, no logos, no watermark. A holographic trading-card duel. Each duelist wears a metal Duel Disk clamped to their left forearm: a curved silver-and-grey blade with five illuminated card slots swung out into a wide arc, and a round glowing life-point counter set into the housing. Cards are slotted in by hand. Monsters appear as huge translucent light-emitting holograms projected upward from the disk, with visible scan lines and flickering edges. an enormous armoured dragon, wings spread, jaws wide, erupting upward as a giant hologram from a duelist's forearm Duel Disk, green and white air currents, swirling gusts, in a floodlit open-air duel arena at night, holographic projector pylons at its edges, empty stands beyond."
"summon-WIND-spellcaster","summon-WIND-spellcaster.mp4","monster","2","6","summon · WIND · spellcaster","late-1990s cel-shaded anime, hand-inked outlines, saturated colour, visible film grain, dramatic low camera angle, shallow depth of field, 16:9 widescreen, no text, no subtitles, no captions, no logos, no watermark. A holographic trading-card duel. Each duelist wears a metal Duel Disk clamped to their left forearm: a curved silver-and-grey blade with five illuminated card slots swung out into a wide arc, and a round glowing life-point counter set into the housing. Cards are slotted in by hand. Monsters appear as huge translucent light-emitting holograms projected upward from the disk, with visible scan lines and flickering edges. a robed sorcerer channelling energy through a raised staff, erupting upward as a giant hologram from a duelist's forearm Duel Disk, green and white air currents, swirling gusts, in a floodlit open-air duel arena at night, holographic projector pylons at its edges, empty stands beyond."
"summon-WIND-warrior","summon-WIND-warrior.mp4","monster","2","6","summon · WIND · warrior","late-1990s cel-shaded anime, hand-inked outlines, saturated colour, visible film grain, dramatic low camera angle, shallow depth of field, 16:9 widescreen, no text, no subtitles, no captions, no logos, no watermark. A holographic trading-card duel. Each duelist wears a metal Duel Disk clamped to their left forearm: a curved silver-and-grey blade with five illuminated card slots swung out into a wide arc, and a round glowing life-point counter set into the housing. Cards are slotted in by hand. Monsters appear as huge translucent light-emitting holograms projected upward from the disk, with visible scan lines and flickering edges. an armoured warrior in a heavy battle stance, weapon raised, erupting upward as a giant hologram from a duelist's forearm Duel Disk, green and white air currents, swirling gusts, in a floodlit open-air duel arena at night, holographic projector pylons at its edges, empty stands beyond."
"summon-WIND-winged","summon-WIND-winged.mp4","monster","2","6","summon · WIND · winged","late-1990s cel-shaded anime, hand-inked outlines, saturated colour, visible film grain, dramatic low camera angle, shallow depth of field, 16:9 widescreen, no text, no subtitles, no captions, no logos, no watermark. A holographic trading-card duel. Each duelist wears a metal Duel Disk clamped to their left forearm: a curved silver-and-grey blade with five illuminated card slots swung out into a wide arc, and a round glowing life-point counter set into the housing. Cards are slotted in by hand. Monsters appear as huge translucent light-emitting holograms projected upward from the disk, with visible scan lines and flickering edges. a winged humanoid creature banking hard, feathers flaring, erupting upward as a giant hologram from a duelist's forearm Duel Disk, green and white air currents, swirling gusts, in a floodlit open-air duel arena at night, holographic projector pylons at its edges, empty stands beyond."
"standoff-cliff","standoff-cliff.mp4","arena","3","6","Standoff loop — cliff","late-1990s cel-shaded anime, hand-inked outlines, saturated colour, visible film grain, dramatic low camera angle, shallow depth of field, 16:9 widescreen, no text, no subtitles, no captions, no logos, no watermark. A holographic trading-card duel. Each duelist wears a metal Duel Disk clamped to their left forearm: a curved silver-and-grey blade with five illuminated card slots swung out into a wide arc, and a round glowing life-point counter set into the housing. Cards are slotted in by hand. Monsters appear as huge translucent light-emitting holograms projected upward from the disk, with visible scan lines and flickering edges. two duelists faced off at opposite ends of a torch-lit stone duel arena on a sea cliff at dusk, banners snapping in the wind, waves breaking far below, Duel Disks lit, monsters idling as holograms between them, banners snapping."
"standoff-rooftop","standoff-rooftop.mp4","arena","3","6","Standoff loop — rooftop","late-1990s cel-shaded anime, hand-inked outlines, saturated colour, visible film grain, dramatic low camera angle, shallow depth of field, 16:9 widescreen, no text, no subtitles, no captions, no logos, no watermark. A holographic trading-card duel. Each duelist wears a metal Duel Disk clamped to their left forearm: a curved silver-and-grey blade with five illuminated card slots swung out into a wide arc, and a round glowing life-point counter set into the housing. Cards are slotted in by hand. Monsters appear as huge translucent light-emitting holograms projected upward from the disk, with visible scan lines and flickering edges. two duelists faced off at opposite ends of a rain-slicked skyscraper rooftop duel arena at night, city lights far below, holographic projector pylons humming at the edges, Duel Disks lit, monsters idling as holograms between them, nothing moving but the rain."
"direct-DARK","direct-DARK.mp4","monster","3","6","direct · DARK","late-1990s cel-shaded anime, hand-inked outlines, saturated colour, visible film grain, dramatic low camera angle, shallow depth of field, 16:9 widescreen, no text, no subtitles, no captions, no logos, no watermark. A holographic trading-card duel. Each duelist wears a metal Duel Disk clamped to their left forearm: a curved silver-and-grey blade with five illuminated card slots swung out into a wide arc, and a round glowing life-point counter set into the housing. Cards are slotted in by hand. Monsters appear as huge translucent light-emitting holograms projected upward from the disk, with visible scan lines and flickering edges. a monster hologram charges past an empty field and slams into a duelist's holographic barrier, deep violet and black energy, purple rim light exploding outward, in a floodlit open-air duel arena at night, holographic projector pylons at its edges, empty stands beyond."
"direct-EARTH","direct-EARTH.mp4","monster","3","6","direct · EARTH","late-1990s cel-shaded anime, hand-inked outlines, saturated colour, visible film grain, dramatic low camera angle, shallow depth of field, 16:9 widescreen, no text, no subtitles, no captions, no logos, no watermark. A holographic trading-card duel. Each duelist wears a metal Duel Disk clamped to their left forearm: a curved silver-and-grey blade with five illuminated card slots swung out into a wide arc, and a round glowing life-point counter set into the housing. Cards are slotted in by hand. Monsters appear as huge translucent light-emitting holograms projected upward from the disk, with visible scan lines and flickering edges. a monster hologram charges past an empty field and slams into a duelist's holographic barrier, amber and bronze earth energy, dust and stone exploding outward, in a floodlit open-air duel arena at night, holographic projector pylons at its edges, empty stands beyond."
"direct-FIRE","direct-FIRE.mp4","monster","3","6","direct · FIRE","late-1990s cel-shaded anime, hand-inked outlines, saturated colour, visible film grain, dramatic low camera angle, shallow depth of field, 16:9 widescreen, no text, no subtitles, no captions, no logos, no watermark. A holographic trading-card duel. Each duelist wears a metal Duel Disk clamped to their left forearm: a curved silver-and-grey blade with five illuminated card slots swung out into a wide arc, and a round glowing life-point counter set into the housing. Cards are slotted in by hand. Monsters appear as huge translucent light-emitting holograms projected upward from the disk, with visible scan lines and flickering edges. a monster hologram charges past an empty field and slams into a duelist's holographic barrier, orange and red flame, embers streaming exploding outward, in a floodlit open-air duel arena at night, holographic projector pylons at its edges, empty stands beyond."
"direct-LIGHT","direct-LIGHT.mp4","monster","3","6","direct · LIGHT","late-1990s cel-shaded anime, hand-inked outlines, saturated colour, visible film grain, dramatic low camera angle, shallow depth of field, 16:9 widescreen, no text, no subtitles, no captions, no logos, no watermark. A holographic trading-card duel. Each duelist wears a metal Duel Disk clamped to their left forearm: a curved silver-and-grey blade with five illuminated card slots swung out into a wide arc, and a round glowing life-point counter set into the housing. Cards are slotted in by hand. Monsters appear as huge translucent light-emitting holograms projected upward from the disk, with visible scan lines and flickering edges. a monster hologram charges past an empty field and slams into a duelist's holographic barrier, brilliant white and cyan energy, blinding highlights exploding outward, in a floodlit open-air duel arena at night, holographic projector pylons at its edges, empty stands beyond."
"direct-WIND","direct-WIND.mp4","monster","3","6","direct · WIND","late-1990s cel-shaded anime, hand-inked outlines, saturated colour, visible film grain, dramatic low camera angle, shallow depth of field, 16:9 widescreen, no text, no subtitles, no captions, no logos, no watermark. A holographic trading-card duel. Each duelist wears a metal Duel Disk clamped to their left forearm: a curved silver-and-grey blade with five illuminated card slots swung out into a wide arc, and a round glowing life-point counter set into the housing. Cards are slotted in by hand. Monsters appear as huge translucent light-emitting holograms projected upward from the disk, with visible scan lines and flickering edges. a monster hologram charges past an empty field and slams into a duelist's holographic barrier, green and white air currents, swirling gusts exploding outward, in a floodlit open-air duel arena at night, holographic projector pylons at its edges, empty stands beyond."
"finish","finish.mp4","monster","3","6","finish","late-1990s cel-shaded anime, hand-inked outlines, saturated colour, visible film grain, dramatic low camera angle, shallow depth of field, 16:9 widescreen, no text, no subtitles, no captions, no logos, no watermark. A holographic trading-card duel. Each duelist wears a metal Duel Disk clamped to their left forearm: a curved silver-and-grey blade with five illuminated card slots swung out into a wide arc, and a round glowing life-point counter set into the housing. Cards are slotted in by hand. Monsters appear as huge translucent light-emitting holograms projected upward from the disk, with visible scan lines and flickering edges. the holograms collapse and the arena lights fall as a duel ends, in a floodlit open-air duel arena at night, holographic projector pylons at its edges, empty stands beyond."
"fusion-DARK","fusion-DARK.mp4","monster","3","6","fusion · DARK","late-1990s cel-shaded anime, hand-inked outlines, saturated colour, visible film grain, dramatic low camera angle, shallow depth of field, 16:9 widescreen, no text, no subtitles, no captions, no logos, no watermark. A holographic trading-card duel. Each duelist wears a metal Duel Disk clamped to their left forearm: a curved silver-and-grey blade with five illuminated card slots swung out into a wide arc, and a round glowing life-point counter set into the housing. Cards are slotted in by hand. Monsters appear as huge translucent light-emitting holograms projected upward from the disk, with visible scan lines and flickering edges. two monster holograms spiral together into a blazing fusion vortex and a single larger creature erupts from it, deep violet and black energy, purple rim light, in a floodlit open-air duel arena at night, holographic projector pylons at its edges, empty stands beyond."
"fusion-EARTH","fusion-EARTH.mp4","monster","3","6","fusion · EARTH","late-1990s cel-shaded anime, hand-inked outlines, saturated colour, visible film grain, dramatic low camera angle, shallow depth of field, 16:9 widescreen, no text, no subtitles, no captions, no logos, no watermark. A holographic trading-card duel. Each duelist wears a metal Duel Disk clamped to their left forearm: a curved silver-and-grey blade with five illuminated card slots swung out into a wide arc, and a round glowing life-point counter set into the housing. Cards are slotted in by hand. Monsters appear as huge translucent light-emitting holograms projected upward from the disk, with visible scan lines and flickering edges. two monster holograms spiral together into a blazing fusion vortex and a single larger creature erupts from it, amber and bronze earth energy, dust and stone, in a floodlit open-air duel arena at night, holographic projector pylons at its edges, empty stands beyond."
"fusion-FIRE","fusion-FIRE.mp4","monster","3","6","fusion · FIRE","late-1990s cel-shaded anime, hand-inked outlines, saturated colour, visible film grain, dramatic low camera angle, shallow depth of field, 16:9 widescreen, no text, no subtitles, no captions, no logos, no watermark. A holographic trading-card duel. Each duelist wears a metal Duel Disk clamped to their left forearm: a curved silver-and-grey blade with five illuminated card slots swung out into a wide arc, and a round glowing life-point counter set into the housing. Cards are slotted in by hand. Monsters appear as huge translucent light-emitting holograms projected upward from the disk, with visible scan lines and flickering edges. two monster holograms spiral together into a blazing fusion vortex and a single larger creature erupts from it, orange and red flame, embers streaming, in a floodlit open-air duel arena at night, holographic projector pylons at its edges, empty stands beyond."
"fusion-LIGHT","fusion-LIGHT.mp4","monster","3","6","fusion · LIGHT","late-1990s cel-shaded anime, hand-inked outlines, saturated colour, visible film grain, dramatic low camera angle, shallow depth of field, 16:9 widescreen, no text, no subtitles, no captions, no logos, no watermark. A holographic trading-card duel. Each duelist wears a metal Duel Disk clamped to their left forearm: a curved silver-and-grey blade with five illuminated card slots swung out into a wide arc, and a round glowing life-point counter set into the housing. Cards are slotted in by hand. Monsters appear as huge translucent light-emitting holograms projected upward from the disk, with visible scan lines and flickering edges. two monster holograms spiral together into a blazing fusion vortex and a single larger creature erupts from it, brilliant white and cyan energy, blinding highlights, in a floodlit open-air duel arena at night, holographic projector pylons at its edges, empty stands beyond."
"fusion-WIND","fusion-WIND.mp4","monster","3","6","fusion · WIND","late-1990s cel-shaded anime, hand-inked outlines, saturated colour, visible film grain, dramatic low camera angle, shallow depth of field, 16:9 widescreen, no text, no subtitles, no captions, no logos, no watermark. A holographic trading-card duel. Each duelist wears a metal Duel Disk clamped to their left forearm: a curved silver-and-grey blade with five illuminated card slots swung out into a wide arc, and a round glowing life-point counter set into the housing. Cards are slotted in by hand. Monsters appear as huge translucent light-emitting holograms projected upward from the disk, with visible scan lines and flickering edges. two monster holograms spiral together into a blazing fusion vortex and a single larger creature erupts from it, green and white air currents, swirling gusts, in a floodlit open-air duel arena at night, holographic projector pylons at its edges, empty stands beyond."
"spell","spell.mp4","monster","3","6","spell","late-1990s cel-shaded anime, hand-inked outlines, saturated colour, visible film grain, dramatic low camera angle, shallow depth of field, 16:9 widescreen, no text, no subtitles, no captions, no logos, no watermark. A holographic trading-card duel. Each duelist wears a metal Duel Disk clamped to their left forearm: a curved silver-and-grey blade with five illuminated card slots swung out into a wide arc, and a round glowing life-point counter set into the housing. Cards are slotted in by hand. Monsters appear as huge translucent light-emitting holograms projected upward from the disk, with visible scan lines and flickering edges. a huge holographic spell card flips face-up and washes the arena in green light, in a floodlit open-air duel arena at night, holographic projector pylons at its edges, empty stands beyond."
"trap","trap.mp4","monster","3","6","trap","late-1990s cel-shaded anime, hand-inked outlines, saturated colour, visible film grain, dramatic low camera angle, shallow depth of field, 16:9 widescreen, no text, no subtitles, no captions, no logos, no watermark. A holographic trading-card duel. Each duelist wears a metal Duel Disk clamped to their left forearm: a curved silver-and-grey blade with five illuminated card slots swung out into a wide arc, and a round glowing life-point counter set into the housing. Cards are slotted in by hand. Monsters appear as huge translucent light-emitting holograms projected upward from the disk, with visible scan lines and flickering edges. a huge holographic trap card flips face-up and floods the arena with hostile red light, in a floodlit open-air duel arena at night, holographic projector pylons at its edges, empty stands beyond."
